vec_0,vec_1
0.46104124,-2.232036
2.030935,1.4573005
-2.4919758,0.77473533
